Idade,Genero,Historico_obesidade_familiar,FCCAC,FCV,NRP,CCER,Fumador,CA,MCC,FAF,TUDE,CBA,TRANS
LinearRegression(),LinearRegression(),LinearRegression(),LinearRegression(),LinearRegression(),LinearRegression(),LinearRegression(),LinearRegression(),LinearRegression(),LinearRegression(),LinearRegression(),LinearRegression(),LinearRegression(),LinearRegression()
"[27.07179508 28.54783055 29.61462251 29.06476618 34.37439757 28.85768121
 31.49504708 29.16416546 27.66057798 31.15911767 29.16416546 28.13420401
 32.59820217 30.05567571 27.93822849 31.00307091 27.38990764 28.55119697
 35.08423653 29.05683222 33.79169287 32.00799259 28.07145995 27.93822849
 28.55164383 29.90783629 28.71615445 28.55119697 29.16416546 30.01737621
 28.52097548 33.92783072 28.40840259 30.06967652 27.68224304 28.45952018
 28.59485014 29.09962049 29.30807145 29.48322873 29.10434525 31.50644982
 28.67196617 28.24471273 29.31102688 28.17523367 30.15106464 28.30795821
 31.55359629 28.04989265 28.09904016 28.24471273 32.96134922 28.85768121
 28.84275819 29.66129945 31.59042528 30.08361818 27.63174425 30.39010243
 32.22900788 30.08360041 29.16416546 27.93822849 28.85768121 29.3641265
 29.77713394 31.27317578 28.24471273 30.08361818 31.80801499 29.16416546
 27.63174425 29.41753108 33.76142909 27.63174425 34.80465915 28.65239133
 30.08361818 30.08361818 28.84192088 27.17109169 27.96165706 33.35499482
 31.84755361 28.85768121 31.47866151 32.78725115 27.32526    28.24471273
 28.9155485  27.93998311 29.4831849  28.9146125  27.93822849 29.16416546
 28.40405879 29.16416546 28.24471273 33.45494485 28.55119697 27.93822849
 27.90988299 29.27459387 27.63174425 28.55119697 29.11872028 27.93822849
 27.63174425 29.77713394 28.24471273 28.6689663  28.85768121 27.85890669
 31.34272165 34.13365849 27.66448289 33.1484606  29.15666456 28.75188285
 29.79487264 28.8003941  31.49512033 27.63174425 28.78787974 27.63174425
 28.31960491 29.08896832 32.18834692 27.64673746 29.52915631 30.08361818
 29.58157738 30.08361818 29.81914895 28.20568717 28.96286783 29.30371509
 29.12425447 28.15086848 34.93329212 29.82452253 30.08361818 31.2455309
 30.0689005  33.45494485 28.34855419 30.3370687  27.70332088 32.16375769
 27.63174425 28.75750684 30.08361818 27.93822849 29.16416546 28.59150762
 27.54092684 27.63174425 33.79127912 27.53179974 28.24471273 28.55119697
 29.49502255 30.06227952 27.63174425 30.08361818 31.00307091 28.37909933
 30.08361818 30.81242484 29.16416546 29.16416546 30.05896796 27.11282658
 27.63174425 28.68008494 31.28092186 28.60647018 29.47138649 28.49616926
 27.63174425 33.76142909 29.43446556 29.13657942 31.30955515 27.45172429
 31.31574307 27.63174425 32.53549212 27.63174425 31.52731558 28.58370147
 27.63174425 28.083974   30.0793841  30.67814245 33.88324523 30.08361818
 29.02541943 29.16416546 28.20804496 29.16416546 29.04052236 31.02791759
 31.91191989 32.13940813 28.47195302 28.00665385 29.12362341 27.32526
 33.64857209 29.49515955 28.34515467 30.08361818 32.66809835 30.05886682
 30.08361818 29.29341783 27.65282025 34.67879129 27.99221262 28.55119697
 28.67483915 27.71789451 28.85768121 27.81429055 28.47104184 27.93822849
 31.49760959 29.79182833 31.20817599 27.66622464 28.57644637 28.24471273
 30.08113137 31.30955515 31.61603939 27.72571691 28.24304025 30.64501456
 30.08336503 28.85768121 34.24230409 29.29017369 28.55119697 28.55119697
 30.07578628 27.93822849 30.08361818 30.07335219 30.74801442 28.48875571
 28.55119697 31.92252364 30.08361818 29.56877185 29.47116612 27.93822849
 28.56067009 27.63774276 38.97855526 28.79558383 30.08361818 28.80774206
 27.63174425 27.71462801 27.65572848 27.67488221 28.62250329 28.94284062
 27.55964812 28.55119697 28.80087528 30.08835275 28.55119697 29.97096898
 27.63174425 29.93746412 28.22881846 30.08361818 31.06927733 31.40633797
 28.1115441  30.05366946 31.21626227 33.06247859 30.39010243 28.13250824
 28.64068087 28.24471273 31.61919679 30.58472881 27.63174425 28.24471273
 29.26368396 27.86652129 28.85768121 29.16416546 29.92841027 36.73619579
 31.67433852 34.32094427 29.92818623 29.17514648 28.24471273 34.37439757
 27.63174425 29.16416546 28.07052609 27.94912615 31.76452917 27.66799428
 31.61603939 35.45036322 32.07611607 30.08361818 28.63980279 27.63174425
 27.3073273  27.65123113 33.75083393 32.00209399 27.67103737 30.28296136
 29.11198743 31.31648108 30.07350727 29.72481402 29.81193124 28.74067963
 28.24471273 28.94444139 27.68630549 29.16416546 29.61630388 27.32549048
 31.29613053 27.77551171 27.32526    28.16539522 29.34903399 28.00568812
 27.97157275 30.07666406 27.63174425 27.32526    29.2651042  31.49664417
 30.08361818 32.22900788 28.93118717 33.48091693 28.84616538 29.46319753
 31.1582399  27.63174425 35.47924292 27.32526    27.62951212 29.26212855
 28.55652459 29.4351625  28.72491684 28.85768121 28.47299415 28.6907892
 34.68088181 32.0114531  29.12575011 28.52324101 28.84610193 28.79189468
 28.86783473 31.66709109 27.93822849 31.71834322 27.94865907 28.56008164
 27.72284025 30.06882633 29.16105342 29.1467357  30.05537045 27.32526
 33.59462565 29.94290054 28.85768121 27.63174425 28.85768121 27.63174425
 30.08361818 28.22823736 27.33723067 29.26227719 28.5771332  29.16161183
 27.01877576 26.40580728 28.10885715 29.02285538 27.63174425 35.60033454
 28.01210897 28.45035599 27.63174425 32.53549212 27.29885363 29.23977573
 30.08361818 28.55119697 29.93783466 27.63174425 28.52819717 28.15371603
 28.55158989 27.01877576 27.59744038 30.3087235  28.85768121 28.12934409
 28.63778797 26.71229152 30.08361818]","[29.89585499 29.89585499 29.89585499 29.28157893 29.89585499 29.28157893
 29.28157893 29.89585499 29.89585499 29.28157893 29.89585499 29.89585499
 29.28157893 29.89585499 29.89585499 29.28157893 29.28157893 29.89585499
 29.89585499 29.28157893 29.89585499 29.89585499 29.89585499 29.28157893
 29.89585499 29.28157893 29.89585499 29.28157893 29.28157893 29.89585499
 29.89585499 29.89585499 29.28157893 29.89585499 29.28157893 29.89585499
 29.28157893 29.28157893 29.89585499 29.28157893 29.89585499 29.28157893
 29.89585499 29.28157893 29.28157893 29.89585499 29.89585499 29.89585499
 29.28157893 29.89585499 29.28157893 29.28157893 29.28157893 29.28157893
 29.89585499 29.28157893 29.28157893 29.89585499 29.28157893 29.28157893
 29.89585499 29.89585499 29.28157893 29.28157893 29.28157893 29.89585499
 29.28157893 29.28157893 29.28157893 29.89585499 29.89585499 29.28157893
 29.28157893 29.28157893 29.28157893 29.89585499 29.89585499 29.89585499
 29.89585499 29.89585499 29.28157893 29.28157893 29.28157893 29.28157893
 29.28157893 29.89585499 29.28157893 29.28157893 29.28157893 29.28157893
 29.28157893 29.89585499 29.28157893 29.28157893 29.28157893 29.28157893
 29.89585499 29.89585499 29.28157893 29.89585499 29.28157893 29.28157893
 29.89585499 29.28157893 29.89585499 29.28157893 29.28157893 29.89585499
 29.89585499 29.28157893 29.89585499 29.28157893 29.89585499 29.89585499
 29.28157893 29.89585499 29.89585499 29.89585499 29.28157893 29.28157893
 29.28157893 29.89585499 29.28157893 29.28157893 29.89585499 29.89585499
 29.89585499 29.28157893 29.28157893 29.28157893 29.28157893 29.89585499
 29.89585499 29.89585499 29.28157893 29.89585499 29.28157893 29.28157893
 29.28157893 29.28157893 29.89585499 29.28157893 29.89585499 29.28157893
 29.89585499 29.89585499 29.28157893 29.28157893 29.89585499 29.28157893
 29.28157893 29.89585499 29.89585499 29.28157893 29.28157893 29.89585499
 29.28157893 29.89585499 29.89585499 29.28157893 29.89585499 29.28157893
 29.28157893 29.89585499 29.89585499 29.89585499 29.28157893 29.89585499
 29.89585499 29.28157893 29.28157893 29.89585499 29.89585499 29.89585499
 29.89585499 29.28157893 29.28157893 29.28157893 29.28157893 29.89585499
 29.28157893 29.89585499 29.28157893 29.89585499 29.28157893 29.28157893
 29.28157893 29.89585499 29.28157893 29.89585499 29.28157893 29.89585499
 29.28157893 29.28157893 29.89585499 29.28157893 29.89585499 29.89585499
 29.89585499 29.89585499 29.89585499 29.28157893 29.89585499 29.89585499
 29.28157893 29.28157893 29.89585499 29.28157893 29.89585499 29.28157893
 29.89585499 29.28157893 29.89585499 29.89585499 29.28157893 29.89585499
 29.28157893 29.89585499 29.28157893 29.89585499 29.89585499 29.28157893
 29.28157893 29.89585499 29.28157893 29.89585499 29.28157893 29.89585499
 29.89585499 29.28157893 29.28157893 29.89585499 29.89585499 29.89585499
 29.89585499 29.28157893 29.89585499 29.89585499 29.89585499 29.28157893
 29.89585499 29.89585499 29.28157893 29.28157893 29.28157893 29.28157893
 29.89585499 29.89585499 29.89585499 29.89585499 29.89585499 29.89585499
 29.89585499 29.89585499 29.89585499 29.89585499 29.28157893 29.28157893
 29.89585499 29.89585499 29.28157893 29.28157893 29.89585499 29.89585499
 29.89585499 29.89585499 29.89585499 29.28157893 29.89585499 29.28157893
 29.89585499 29.28157893 29.89585499 29.28157893 29.28157893 29.28157893
 29.89585499 29.28157893 29.89585499 29.89585499 29.28157893 29.28157893
 29.28157893 29.89585499 29.28157893 29.28157893 29.89585499 29.89585499
 29.89585499 29.28157893 29.28157893 29.28157893 29.28157893 29.89585499
 29.28157893 29.89585499 29.89585499 29.28157893 29.89585499 29.28157893
 29.28157893 29.28157893 29.28157893 29.89585499 29.89585499 29.89585499
 29.89585499 29.89585499 29.89585499 29.89585499 29.28157893 29.28157893
 29.89585499 29.89585499 29.89585499 29.89585499 29.89585499 29.89585499
 29.89585499 29.89585499 29.89585499 29.28157893 29.28157893 29.28157893
 29.28157893 29.28157893 29.89585499 29.28157893 29.89585499 29.28157893
 29.28157893 29.28157893 29.28157893 29.89585499 29.89585499 29.28157893
 29.28157893 29.89585499 29.28157893 29.28157893 29.28157893 29.89585499
 29.28157893 29.89585499 29.28157893 29.28157893 29.28157893 29.28157893
 29.89585499 29.28157893 29.89585499 29.28157893 29.28157893 29.28157893
 29.28157893 29.89585499 29.89585499 29.89585499 29.89585499 29.28157893
 29.28157893 29.28157893 29.89585499 29.28157893 29.89585499 29.89585499
 29.89585499 29.28157893 29.28157893 29.89585499 29.28157893 29.89585499
 29.89585499 29.89585499 29.89585499 29.28157893 29.28157893 29.89585499
 29.89585499 29.89585499 29.89585499 29.28157893 29.89585499 29.28157893
 29.89585499 29.89585499 29.28157893 29.28157893 29.28157893 29.89585499
 29.89585499 29.89585499 29.28157893 29.28157893 29.28157893 29.89585499
 29.28157893 29.28157893 29.28157893 29.89585499 29.28157893 29.28157893
 29.28157893 29.89585499 29.28157893 29.28157893 29.89585499 29.28157893
 29.89585499 29.89585499 29.89585499 29.89585499 29.89585499 29.28157893
 29.89585499 29.89585499 29.28157893 29.28157893 29.89585499 29.28157893
 29.89585499 29.89585499 29.89585499]","[31.45157676 31.45157676 31.45157676 31.45157676 31.45157676 31.45157676
 31.45157676 21.43976254 21.43976254 31.45157676 31.45157676 21.43976254
 31.45157676 31.45157676 21.43976254 31.45157676 31.45157676 31.45157676
 31.45157676 31.45157676 31.45157676 31.45157676 21.43976254 21.43976254
 31.45157676 31.45157676 31.45157676 31.45157676 21.43976254 31.45157676
 31.45157676 31.45157676 31.45157676 31.45157676 31.45157676 31.45157676
 31.45157676 31.45157676 31.45157676 31.45157676 31.45157676 31.45157676
 31.45157676 21.43976254 31.45157676 21.43976254 31.45157676 31.45157676
 31.45157676 31.45157676 31.45157676 31.45157676 31.45157676 31.45157676
 31.45157676 31.45157676 31.45157676 31.45157676 21.43976254 31.45157676
 31.45157676 31.45157676 31.45157676 21.43976254 21.43976254 31.45157676
 31.45157676 31.45157676 31.45157676 31.45157676 31.45157676 31.45157676
 31.45157676 31.45157676 31.45157676 31.45157676 31.45157676 31.45157676
 31.45157676 31.45157676 31.45157676 21.43976254 21.43976254 31.45157676
 31.45157676 31.45157676 31.45157676 31.45157676 21.43976254 21.43976254
 31.45157676 31.45157676 31.45157676 31.45157676 21.43976254 21.43976254
 31.45157676 31.45157676 21.43976254 31.45157676 21.43976254 21.43976254
 31.45157676 31.45157676 31.45157676 31.45157676 31.45157676 31.45157676
 31.45157676 31.45157676 21.43976254 31.45157676 31.45157676 31.45157676
 31.45157676 31.45157676 31.45157676 31.45157676 31.45157676 31.45157676
 31.45157676 31.45157676 31.45157676 31.45157676 31.45157676 21.43976254
 21.43976254 31.45157676 31.45157676 31.45157676 31.45157676 31.45157676
 31.45157676 31.45157676 31.45157676 31.45157676 31.45157676 31.45157676
 31.45157676 31.45157676 21.43976254 31.45157676 31.45157676 31.45157676
 31.45157676 31.45157676 31.45157676 31.45157676 31.45157676 31.45157676
 31.45157676 31.45157676 31.45157676 31.45157676 21.43976254 31.45157676
 31.45157676 31.45157676 31.45157676 31.45157676 21.43976254 21.43976254
 31.45157676 31.45157676 31.45157676 31.45157676 21.43976254 31.45157676
 31.45157676 31.45157676 31.45157676 21.43976254 31.45157676 31.45157676
 21.43976254 31.45157676 31.45157676 31.45157676 31.45157676 31.45157676
 21.43976254 31.45157676 31.45157676 31.45157676 31.45157676 31.45157676
 31.45157676 21.43976254 21.43976254 31.45157676 31.45157676 31.45157676
 21.43976254 31.45157676 31.45157676 31.45157676 31.45157676 31.45157676
 31.45157676 31.45157676 21.43976254 31.45157676 31.45157676 31.45157676
 31.45157676 31.45157676 31.45157676 31.45157676 31.45157676 31.45157676
 31.45157676 31.45157676 31.45157676 31.45157676 31.45157676 31.45157676
 31.45157676 31.45157676 31.45157676 31.45157676 31.45157676 21.43976254
 31.45157676 21.43976254 31.45157676 21.43976254 31.45157676 31.45157676
 31.45157676 31.45157676 31.45157676 31.45157676 31.45157676 21.43976254
 31.45157676 31.45157676 31.45157676 31.45157676 21.43976254 31.45157676
 31.45157676 31.45157676 31.45157676 31.45157676 21.43976254 31.45157676
 31.45157676 21.43976254 31.45157676 31.45157676 31.45157676 31.45157676
 31.45157676 31.45157676 31.45157676 31.45157676 31.45157676 31.45157676
 31.45157676 21.43976254 31.45157676 31.45157676 31.45157676 21.43976254
 31.45157676 31.45157676 31.45157676 31.45157676 31.45157676 31.45157676
 21.43976254 21.43976254 31.45157676 31.45157676 31.45157676 31.45157676
 21.43976254 31.45157676 21.43976254 31.45157676 31.45157676 31.45157676
 31.45157676 31.45157676 31.45157676 31.45157676 21.43976254 21.43976254
 31.45157676 21.43976254 31.45157676 31.45157676 31.45157676 21.43976254
 31.45157676 21.43976254 31.45157676 31.45157676 31.45157676 31.45157676
 31.45157676 31.45157676 31.45157676 21.43976254 21.43976254 21.43976254
 31.45157676 31.45157676 31.45157676 31.45157676 31.45157676 31.45157676
 21.43976254 31.45157676 31.45157676 31.45157676 31.45157676 31.45157676
 21.43976254 31.45157676 31.45157676 31.45157676 31.45157676 21.43976254
 31.45157676 31.45157676 31.45157676 31.45157676 31.45157676 31.45157676
 31.45157676 31.45157676 31.45157676 31.45157676 31.45157676 31.45157676
 31.45157676 31.45157676 21.43976254 31.45157676 31.45157676 21.43976254
 31.45157676 31.45157676 21.43976254 21.43976254 31.45157676 31.45157676
 31.45157676 31.45157676 21.43976254 31.45157676 31.45157676 31.45157676
 31.45157676 31.45157676 31.45157676 21.43976254 31.45157676 31.45157676
 31.45157676 31.45157676 31.45157676 31.45157676 31.45157676 31.45157676
 31.45157676 31.45157676 31.45157676 31.45157676 31.45157676 31.45157676
 31.45157676 31.45157676 21.43976254 31.45157676 31.45157676 31.45157676
 31.45157676 31.45157676 31.45157676 31.45157676 31.45157676 31.45157676
 31.45157676 31.45157676 21.43976254 31.45157676 21.43976254 31.45157676
 31.45157676 21.43976254 31.45157676 31.45157676 31.45157676 31.45157676
 31.45157676 31.45157676 31.45157676 31.45157676 31.45157676 31.45157676
 31.45157676 31.45157676 31.45157676 31.45157676 31.45157676 31.45157676
 31.45157676 31.45157676 31.45157676 31.45157676 31.45157676 31.45157676
 31.45157676 31.45157676 31.45157676 31.45157676 31.45157676 31.45157676
 31.45157676 31.45157676 31.45157676]","[30.27790548 30.27790548 30.27790548 30.27790548 30.27790548 30.27790548
 30.27790548 30.27790548 30.27790548 30.27790548 30.27790548 30.27790548
 30.27790548 30.27790548 30.27790548 24.17079944 30.27790548 30.27790548
 30.27790548 30.27790548 30.27790548 30.27790548 30.27790548 30.27790548
 30.27790548 30.27790548 30.27790548 30.27790548 30.27790548 30.27790548
 30.27790548 30.27790548 30.27790548 30.27790548 30.27790548 30.27790548
 30.27790548 30.27790548 24.17079944 30.27790548 30.27790548 30.27790548
 30.27790548 30.27790548 30.27790548 24.17079944 30.27790548 30.27790548
 30.27790548 30.27790548 30.27790548 24.17079944 30.27790548 30.27790548
 30.27790548 30.27790548 30.27790548 30.27790548 24.17079944 30.27790548
 30.27790548 30.27790548 30.27790548 24.17079944 24.17079944 30.27790548
 24.17079944 30.27790548 24.17079944 30.27790548 30.27790548 30.27790548
 30.27790548 30.27790548 24.17079944 30.27790548 30.27790548 30.27790548
 30.27790548 30.27790548 30.27790548 30.27790548 30.27790548 30.27790548
 30.27790548 30.27790548 30.27790548 30.27790548 30.27790548 30.27790548
 30.27790548 24.17079944 30.27790548 30.27790548 24.17079944 30.27790548
 24.17079944 24.17079944 24.17079944 30.27790548 30.27790548 30.27790548
 30.27790548 30.27790548 30.27790548 24.17079944 30.27790548 30.27790548
 30.27790548 30.27790548 30.27790548 30.27790548 30.27790548 24.17079944
 30.27790548 30.27790548 30.27790548 24.17079944 30.27790548 30.27790548
 30.27790548 30.27790548 30.27790548 30.27790548 30.27790548 30.27790548
 30.27790548 30.27790548 30.27790548 30.27790548 30.27790548 30.27790548
 30.27790548 30.27790548 30.27790548 30.27790548 30.27790548 30.27790548
 30.27790548 30.27790548 30.27790548 30.27790548 30.27790548 30.27790548
 30.27790548 24.17079944 30.27790548 30.27790548 30.27790548 30.27790548
 30.27790548 24.17079944 30.27790548 30.27790548 30.27790548 30.27790548
 30.27790548 30.27790548 30.27790548 30.27790548 30.27790548 24.17079944
 30.27790548 30.27790548 30.27790548 30.27790548 30.27790548 30.27790548
 30.27790548 30.27790548 30.27790548 24.17079944 30.27790548 30.27790548
 30.27790548 30.27790548 30.27790548 30.27790548 30.27790548 24.17079944
 30.27790548 30.27790548 30.27790548 30.27790548 30.27790548 30.27790548
 30.27790548 24.17079944 30.27790548 30.27790548 30.27790548 30.27790548
 30.27790548 30.27790548 30.27790548 30.27790548 30.27790548 30.27790548
 30.27790548 30.27790548 24.17079944 30.27790548 30.27790548 30.27790548
 30.27790548 30.27790548 30.27790548 24.17079944 30.27790548 30.27790548
 30.27790548 30.27790548 30.27790548 30.27790548 30.27790548 30.27790548
 30.27790548 30.27790548 30.27790548 30.27790548 30.27790548 30.27790548
 30.27790548 30.27790548 30.27790548 30.27790548 30.27790548 30.27790548
 30.27790548 30.27790548 30.27790548 30.27790548 24.17079944 24.17079944
 30.27790548 24.17079944 24.17079944 30.27790548 30.27790548 30.27790548
 30.27790548 24.17079944 30.27790548 30.27790548 30.27790548 30.27790548
 30.27790548 24.17079944 30.27790548 30.27790548 30.27790548 30.27790548
 24.17079944 30.27790548 30.27790548 24.17079944 30.27790548 30.27790548
 30.27790548 30.27790548 30.27790548 30.27790548 30.27790548 30.27790548
 30.27790548 30.27790548 30.27790548 30.27790548 30.27790548 30.27790548
 30.27790548 30.27790548 30.27790548 30.27790548 30.27790548 30.27790548
 24.17079944 30.27790548 30.27790548 30.27790548 30.27790548 30.27790548
 24.17079944 30.27790548 30.27790548 30.27790548 30.27790548 24.17079944
 30.27790548 30.27790548 30.27790548 30.27790548 30.27790548 30.27790548
 30.27790548 30.27790548 30.27790548 30.27790548 30.27790548 30.27790548
 30.27790548 30.27790548 30.27790548 24.17079944 30.27790548 30.27790548
 30.27790548 24.17079944 30.27790548 30.27790548 30.27790548 30.27790548
 24.17079944 30.27790548 30.27790548 30.27790548 30.27790548 30.27790548
 30.27790548 30.27790548 30.27790548 30.27790548 30.27790548 30.27790548
 30.27790548 30.27790548 30.27790548 30.27790548 24.17079944 30.27790548
 30.27790548 30.27790548 30.27790548 30.27790548 30.27790548 30.27790548
 30.27790548 30.27790548 24.17079944 30.27790548 30.27790548 30.27790548
 30.27790548 30.27790548 24.17079944 24.17079944 30.27790548 30.27790548
 30.27790548 30.27790548 30.27790548 30.27790548 30.27790548 30.27790548
 30.27790548 30.27790548 30.27790548 30.27790548 30.27790548 30.27790548
 30.27790548 30.27790548 30.27790548 30.27790548 30.27790548 30.27790548
 30.27790548 30.27790548 30.27790548 30.27790548 30.27790548 30.27790548
 30.27790548 30.27790548 30.27790548 30.27790548 30.27790548 30.27790548
 30.27790548 30.27790548 30.27790548 30.27790548 30.27790548 24.17079944
 30.27790548 30.27790548 24.17079944 24.17079944 30.27790548 30.27790548
 30.27790548 24.17079944 30.27790548 30.27790548 30.27790548 30.27790548
 30.27790548 30.27790548 30.27790548 30.27790548 30.27790548 24.17079944
 30.27790548 24.17079944 30.27790548 24.17079944 30.27790548 30.27790548
 30.27790548 30.27790548 30.27790548 30.27790548 30.27790548 24.17079944
 24.17079944 30.27790548 30.27790548 30.27790548 30.27790548 30.27790548
 30.27790548 30.27790548 30.27790548]","[30.10719039 31.93665886 31.93665886 26.28028384 27.92850773 27.92850773
 30.9682655  27.92850773 24.13158216 29.14314186 27.92850773 31.93665886
 28.05374642 31.93665886 30.93168711 27.92850773 30.17146911 31.93665886
 29.89453392 27.92850773 28.01181715 31.47643494 31.93665886 27.92850773
 29.86274126 27.29517977 27.47939841 31.93665886 27.92850773 31.93665886
 28.34577631 27.92850773 27.92850773 31.93665886 31.93665886 31.93665886
 27.92850773 31.41492986 28.94045367 31.93665886 31.79404484 31.61410691
 31.93665886 27.92850773 24.80224605 31.93665886 28.36204138 27.91503233
 28.79018006 31.93665886 27.92850773 27.92850773 28.20614034 27.92850773
 28.48297131 25.72938351 28.37696774 31.93665886 31.93665886 31.93665886
 27.92850773 31.93665886 27.92850773 27.92850773 27.92850773 27.92850773
 31.93665886 31.93665886 31.93665886 31.93665886 27.92850773 27.92850773
 31.32333559 30.29849543 31.93665886 29.48136969 28.53880486 31.93665886
 31.93665886 31.93665886 28.94117914 27.92850773 29.045355   28.81944758
 30.9682655  23.9203566  29.01594318 27.92850773 31.93665886 27.92850773
 27.92850773 31.70480335 31.93665886 27.84812025 27.92850773 31.93665886
 31.4979066  31.93665886 27.92850773 27.92850773 27.92850773 31.93665886
 31.93665886 31.92673468 31.93665886 27.92850773 31.62607124 24.2351127
 23.9203566  27.92850773 31.93665886 27.04970456 31.93665886 31.93665886
 29.80251078 29.88114669 29.20970523 31.93665886 27.92850773 27.1273665
 25.57398348 31.46089133 31.56607323 27.92850773 31.93665886 31.93665886
 30.41290009 27.92850773 30.33426818 27.92850773 27.92850773 31.93665886
 31.93665886 31.93665886 26.42290989 31.93665886 31.27954253 28.57990845
 26.21394092 28.68493403 31.20100281 24.35589433 31.93665886 30.55301303
 31.93665886 31.93665886 27.92850773 27.92850773 31.93665886 27.92850773
 27.07413425 27.92850773 31.93665886 27.92850773 27.92850773 31.93665886
 31.93665886 31.93665886 31.93665886 27.92850773 31.93665886 31.93665886
 27.92850773 31.93665886 27.92850773 31.93665886 23.9203566  31.93665886
 31.93665886 29.18776861 28.42214762 31.93665886 31.93665886 26.40879719
 27.92850773 27.92850773 28.02758923 27.97133082 31.47849913 29.14560687
 31.22793357 27.92850773 30.67142584 27.92850773 31.93665886 27.92850773
 27.40028151 23.9203566  31.93665886 28.25412191 28.71915963 24.57794189
 31.93665886 28.17682071 31.93665886 31.02290863 30.60465405 31.93665886
 30.58759936 28.49477932 31.48077175 30.41742128 31.43960804 27.92850773
 29.26523816 31.11533258 31.93665886 27.77358067 31.93665886 31.93665886
 27.92850773 31.76995986 31.93665886 31.93665886 28.44823667 31.93665886
 31.93665886 31.93665886 31.93665886 27.92850773 31.93665886 27.92850773
 27.92850773 24.06630942 27.92850773 31.52206373 30.44174274 31.93665886
 27.93037553 25.64925656 29.66145192 31.93665886 27.92850773 31.93665886
 31.93665886 27.92850773 27.92850773 31.93665886 24.39506599 30.45525021
 31.93665886 31.93665886 31.42268563 27.95995168 27.92850773 31.93665886
 31.93665886 31.68827775 31.93665886 31.93665886 31.68827775 31.93665886
 27.92850773 31.93665886 31.93665886 28.06534601 31.93665886 31.93665886
 31.93665886 26.33020135 27.92850773 28.41713743 31.93665886 30.08950242
 27.92850773 31.29122228 29.29290242 27.92850773 31.93665886 27.92850773
 31.072758   27.92850773 27.42722831 31.93665886 31.93665886 25.19386245
 31.93665886 28.33003229 26.0126155  31.93665886 27.92850773 30.23916678
 27.67390596 31.93665886 28.46541962 27.92850773 31.93665886 30.93748691
 31.93665886 27.92850773 31.82035434 31.83247098 24.73030374 31.93665886
 27.92850773 28.03902849 31.93665886 31.93665886 31.93665886 30.07413116
 28.53508128 29.8836077  28.56593603 30.94965966 27.92850773 27.92850773
 27.92850773 27.92850773 31.30920685 31.93665886 31.11533258 31.22311578
 31.93665886 27.92850773 29.09827061 31.93665886 31.93665886 31.93665886
 26.94150052 31.62232362 30.06727722 30.83022077 26.20535947 25.03402139
 25.85517933 27.97522674 31.93665886 25.40148468 27.92850773 27.92850773
 31.74098093 27.92850773 27.92850773 27.92850773 31.93665886 30.17135287
 28.40805496 31.93665886 27.92850773 27.92850773 29.21021827 31.93665886
 30.95324295 31.93665886 31.93665886 31.93665886 27.92850773 28.15645129
 31.93665886 27.92850773 31.91453387 28.46545569 27.92850773 30.3262118
 27.92850773 27.92850773 31.57533606 27.92850773 27.74007252 31.93665886
 31.93665886 27.92850773 31.93665886 31.93665886 31.84454354 27.83751469
 27.92850773 31.80559232 29.96401121 31.93665886 27.92850773 31.65564338
 31.87423191 28.12176475 31.93665886 27.92850773 27.92850773 31.93665886
 27.92850773 31.93665886 27.92850773 27.45648781 31.93665886 27.92850773
 28.12323173 31.93665886 31.93665886 27.92850773 27.92850773 30.88311233
 31.93665886 31.93665886 27.92850773 31.07278606 30.05376173 31.93665886
 27.92850773 31.93665886 29.38313792 24.41605267 31.93665886 27.92850773
 28.1171674  29.10717271 27.73107422 27.92850773 28.17688885 25.39927619
 31.93665886 31.59708429 31.93665886 30.50472282 31.93665886 26.52767895
 28.42511766 23.9203566  31.93665886 28.91866936 31.93665886 31.75627603
 31.93665886 31.93665886 31.93665886]","[29.03200014 29.68350248 29.68350248 29.55374765 29.03200014 29.68350248
 29.68350248 30.00925366 30.00880347 29.68350248 29.67685716 29.03200014
 29.68350248 29.68350248 29.16052168 29.68350248 30.00925366 29.03200014
 29.67509941 29.60422182 29.08710845 29.54111502 29.03200014 29.68350248
 29.03250245 29.68350248 29.92077215 29.03200014 29.68350248 29.68350248
 29.68350248 29.68350248 29.68350248 29.68350248 29.68350248 29.68350248
 29.68350248 29.21740989 30.00490553 29.39714636 29.03200014 29.40411483
 29.68350248 29.68350248 29.68350248 29.68350248 29.10754673 29.68350248
 29.44974084 29.68350248 29.68350248 29.68350248 29.18712415 29.68350248
 29.03200014 29.68350248 29.68350248 29.68350248 29.68350248 29.03200014
 29.68350248 29.68350248 29.68350248 29.68350248 29.68350248 29.03200014
 29.68350248 29.68350248 29.03200014 29.68350248 29.68350248 29.59250129
 29.68350248 29.6693069  29.68350248 29.68350248 29.67633563 29.68350248
 29.68350248 29.68350248 29.68350248 29.23749897 29.03200014 29.22052896
 29.68350248 29.03200014 29.68350248 29.29583579 29.68350248 29.68350248
 29.08168404 29.57525895 29.11761765 29.22727624 29.68350248 29.68350248
 29.97921614 29.68350248 29.68350248 29.03200014 29.03200014 29.68350248
 29.68350248 29.08226941 29.03200014 29.68350248 29.58346072 29.10093105
 29.68350248 29.68350248 29.03200014 29.18544621 30.00925366 29.72557488
 29.68350248 29.68350248 29.68350248 29.68350248 29.68350248 29.68350248
 29.68350248 29.71202005 29.68350248 29.57120465 29.68350248 29.68350248
 29.03200014 29.68350248 29.41480761 29.68350248 29.68350248 29.68350248
 29.68350248 29.68350248 29.68350248 29.68350248 29.57776724 29.68350248
 29.32128901 29.68350248 29.80179251 29.68350248 29.68350248 29.05719081
 29.68350248 29.68350248 29.48570996 29.68350248 29.68350248 29.31312731
 29.68350248 29.18667853 29.68350248 29.68350248 29.68350248 29.68350248
 29.88768821 29.68350248 29.68350248 29.68350248 29.68350248 29.03200014
 29.68350248 29.68350248 29.68350248 29.68350248 30.00925366 29.68350248
 29.68350248 29.68350248 29.68350248 29.68350248 29.68350248 29.03200014
 29.68350248 29.68350248 29.68350248 29.13692036 29.25518335 29.68350248
 29.68350248 29.03200014 29.58943793 29.68350248 29.68350248 29.68350248
 29.68350248 29.68350248 29.68350248 29.68350248 29.68350248 29.68350248
 30.00925366 30.00925366 29.68350248 29.50578307 29.07606711 29.68350248
 29.68350248 29.67995571 29.86587135 29.68350248 29.12708691 29.68350248
 29.29936986 29.40006932 29.68350248 29.68350248 29.89289599 29.03200014
 29.54753101 29.49924036 29.68350248 29.68350248 29.58370731 29.68350248
 29.03200014 29.68350248 29.68350248 29.68350248 29.68350248 30.00925366
 29.68350248 29.75047269 29.68350248 29.56150053 29.95482422 29.03200014
 29.68350248 29.68350248 29.68350248 29.68350248 29.0660874  29.68350248
 29.68350248 29.68350248 29.03200014 29.68350248 29.68350248 29.03200014
 29.68350248 29.68350248 29.29022147 29.66866322 29.11657427 29.03200014
 29.68350248 29.58755085 29.68350248 29.68350248 29.20557112 29.68350248
 29.03200014 29.03200014 29.68350248 29.59926747 29.16843548 29.68350248
 29.68350248 29.82484852 29.68350248 29.68350248 29.68350248 29.22451322
 29.68350248 29.68350248 29.68350248 29.26215996 29.68350248 29.68350248
 30.00925366 29.03200014 29.80414834 29.68350248 29.68350248 29.44852253
 30.00925366 29.68350248 29.68350248 29.68350248 29.32334678 29.41871402
 29.63053144 29.68350248 29.6518284  29.03507067 29.03200014 29.68350248
 29.68350248 29.68350248 29.68350248 29.68350248 29.68350248 29.68350248
 29.68350248 29.03200014 29.68350248 29.68350248 29.68350248 29.68350248
 29.68350248 29.92976255 29.68350248 29.62238407 29.68350248 29.68350248
 29.68350248 29.03200014 29.66330233 29.68350248 29.7650924  29.37209577
 29.68350248 29.68350248 29.21297349 29.68350248 29.68350248 29.03200014
 29.12847331 29.68350248 29.12048198 29.33304895 29.68350248 30.00912042
 29.68350248 29.73752408 29.68350248 29.68350248 29.09510759 29.68350248
 29.68350248 29.61834541 29.31036625 29.68350248 29.68350248 29.69912519
 29.77893324 29.68350248 30.00925366 29.68350248 29.64599159 29.03200014
 29.68350248 29.68350248 29.68350248 29.68350248 29.68350248 29.68350248
 29.68350248 29.68350248 29.68350248 29.68350248 29.68350248 29.63442709
 29.643625   29.03200014 29.03200014 29.68350248 29.03200014 29.58427738
 29.03200014 29.57431069 29.68350248 29.68350248 29.74659104 29.86428592
 29.68350248 29.68350248 29.89465244 29.68350248 29.68350248 29.68350248
 29.68350248 29.68350248 29.32334678 29.68350248 29.48536531 29.68350248
 29.35743012 29.68350248 29.68350248 29.11019541 29.68350248 29.68350248
 29.04737462 29.68350248 29.68350248 29.68350248 29.03200014 29.68350248
 29.68350248 29.68350248 29.68350248 29.39767049 29.76472528 29.68350248
 29.68350248 29.68350248 30.00925366 29.03685905 29.68350248 29.68350248
 29.95358311 29.75174996 29.68350248 29.68350248 29.68350248 29.68350248
 29.68350248 29.0660874  29.68350248 29.68350248 29.68350248 29.68350248
 29.251217   29.03200014 29.92199339 29.68350248 29.68350248 29.91636017
 29.68350248 29.68350248 29.68350248]","[30.57534583 30.57534583 30.57534583 30.57534583 30.57534583 30.57534583
 30.57534583 22.05298616 22.05298616 30.57534583 30.57534583 22.05298616
 30.57534583 30.57534583 22.05298616 30.57534583 30.57534583 30.57534583
 30.57534583 30.57534583 30.57534583 30.57534583 22.05298616 30.57534583
 30.57534583 30.57534583 26.314166   34.83652567 30.57534583 30.57534583
 30.57534583 30.57534583 30.57534583 30.57534583 22.05298616 30.57534583
 30.57534583 30.57534583 30.57534583 30.57534583 30.57534583 30.57534583
 30.57534583 22.05298616 30.57534583 22.05298616 30.57534583 30.57534583
 30.57534583 30.57534583 30.57534583 30.57534583 30.57534583 34.83652567
 30.57534583 30.57534583 30.57534583 30.57534583 30.57534583 22.05298616
 30.57534583 30.57534583 30.57534583 30.57534583 30.57534583 30.57534583
 30.57534583 30.57534583 30.57534583 30.57534583 30.57534583 30.57534583
 30.57534583 30.57534583 22.05298616 30.57534583 30.57534583 30.57534583
 30.57534583 30.57534583 30.57534583 30.57534583 30.57534583 30.57534583
 30.57534583 30.57534583 30.57534583 30.57534583 34.83652567 30.57534583
 30.57534583 30.57534583 30.57534583 30.57534583 30.57534583 30.57534583
 22.05298616 30.57534583 30.57534583 30.57534583 26.314166   30.57534583
 30.57534583 30.57534583 34.83652567 30.57534583 30.57534583 30.57534583
 22.05298616 22.05298616 30.57534583 30.57534583 22.05298616 30.57534583
 30.57534583 30.57534583 30.57534583 30.57534583 30.57534583 30.57534583
 30.57534583 22.05298616 30.57534583 30.57534583 30.57534583 30.57534583
 22.05298616 30.57534583 30.57534583 30.57534583 30.57534583 30.57534583
 30.57534583 30.57534583 30.57534583 30.57534583 30.57534583 30.57534583
 30.57534583 30.57534583 30.57534583 30.57534583 30.57534583 30.57534583
 30.57534583 30.57534583 30.57534583 30.57534583 30.57534583 30.57534583
 30.57534583 30.57534583 30.57534583 22.05298616 30.57534583 30.57534583
 30.57534583 22.05298616 30.57534583 30.57534583 26.314166   22.05298616
 30.57534583 30.57534583 30.57534583 30.57534583 22.05298616 30.57534583
 30.57534583 30.57534583 30.57534583 22.05298616 30.57534583 30.57534583
 30.57534583 30.57534583 30.57534583 30.57534583 30.57534583 30.57534583
 30.57534583 34.83652567 30.57534583 30.57534583 30.57534583 30.57534583
 30.57534583 30.57534583 30.57534583 30.57534583 30.57534583 30.57534583
 30.57534583 30.57534583 30.57534583 30.57534583 30.57534583 30.57534583
 22.05298616 30.57534583 22.05298616 30.57534583 30.57534583 30.57534583
 30.57534583 30.57534583 30.57534583 30.57534583 22.05298616 34.83652567
 30.57534583 30.57534583 30.57534583 30.57534583 30.57534583 30.57534583
 22.05298616 30.57534583 30.57534583 30.57534583 30.57534583 34.83652567
 30.57534583 30.57534583 30.57534583 30.57534583 30.57534583 22.05298616
 30.57534583 30.57534583 30.57534583 30.57534583 30.57534583 30.57534583
 30.57534583 26.314166   30.57534583 30.57534583 30.57534583 30.57534583
 30.57534583 26.314166   30.57534583 30.57534583 26.314166   30.57534583
 30.57534583 22.05298616 30.57534583 30.57534583 30.57534583 30.57534583
 30.57534583 30.57534583 30.57534583 30.57534583 30.57534583 30.57534583
 30.57534583 30.57534583 30.57534583 30.57534583 30.57534583 30.57534583
 30.57534583 30.57534583 30.57534583 30.57534583 30.57534583 30.57534583
 30.57534583 26.314166   30.57534583 30.57534583 30.57534583 30.57534583
 22.05298616 30.57534583 30.57534583 30.57534583 30.57534583 30.57534583
 30.57534583 30.57534583 30.57534583 30.57534583 30.57534583 22.05298616
 30.57534583 30.57534583 30.57534583 30.57534583 30.57534583 22.05298616
 30.57534583 30.57534583 22.05298616 30.57534583 30.57534583 30.57534583
 30.57534583 30.57534583 30.57534583 22.05298616 30.57534583 22.05298616
 30.57534583 30.57534583 30.57534583 30.57534583 30.57534583 30.57534583
 30.57534583 30.57534583 30.57534583 30.57534583 30.57534583 30.57534583
 30.57534583 30.57534583 30.57534583 30.57534583 30.57534583 30.57534583
 30.57534583 30.57534583 30.57534583 30.57534583 30.57534583 30.57534583
 30.57534583 30.57534583 30.57534583 22.05298616 30.57534583 30.57534583
 30.57534583 30.57534583 34.83652567 30.57534583 30.57534583 22.05298616
 30.57534583 30.57534583 30.57534583 30.57534583 30.57534583 30.57534583
 30.57534583 30.57534583 30.57534583 30.57534583 30.57534583 30.57534583
 30.57534583 22.05298616 30.57534583 30.57534583 30.57534583 30.57534583
 30.57534583 30.57534583 30.57534583 22.05298616 22.05298616 26.314166
 34.83652567 30.57534583 30.57534583 30.57534583 30.57534583 22.05298616
 22.05298616 30.57534583 30.57534583 30.57534583 30.57534583 30.57534583
 30.57534583 30.57534583 30.57534583 30.57534583 30.57534583 30.57534583
 30.57534583 30.57534583 30.57534583 30.57534583 30.57534583 30.57534583
 30.57534583 22.05298616 30.57534583 30.57534583 30.57534583 22.05298616
 22.05298616 30.57534583 30.57534583 30.57534583 22.05298616 30.57534583
 30.57534583 30.57534583 30.57534583 30.57534583 30.57534583 30.57534583
 30.57534583 30.57534583 30.57534583 30.57534583 30.57534583 30.57534583
 30.57534583 30.57534583 30.57534583 30.57534583 22.05298616 30.57534583
 30.57534583 30.57534583 30.57534583]","[29.58031341 29.58031341 29.58031341 29.58031341 29.58031341 29.58031341
 29.71466637 29.58031341 29.58031341 29.58031341 29.58031341 29.58031341
 29.58031341 29.58031341 29.58031341 29.58031341 29.58031341 29.71466637
 29.58031341 29.58031341 29.58031341 29.58031341 29.58031341 29.58031341
 29.58031341 29.58031341 29.58031341 29.58031341 29.58031341 29.58031341
 29.58031341 29.58031341 29.58031341 29.58031341 29.58031341 29.58031341
 29.58031341 29.58031341 29.58031341 29.58031341 29.58031341 29.58031341
 29.58031341 29.58031341 29.58031341 29.58031341 29.58031341 29.58031341
 29.58031341 29.58031341 29.58031341 29.58031341 29.58031341 29.58031341
 29.58031341 29.58031341 29.58031341 29.58031341 29.58031341 29.58031341
 29.58031341 29.58031341 29.58031341 29.58031341 29.58031341 29.58031341
 29.58031341 29.58031341 29.58031341 29.58031341 29.58031341 29.58031341
 29.58031341 29.58031341 29.58031341 29.58031341 29.58031341 29.58031341
 29.58031341 29.58031341 29.58031341 29.58031341 29.58031341 29.58031341
 29.58031341 29.58031341 29.58031341 29.58031341 29.58031341 29.58031341
 29.58031341 29.58031341 29.58031341 29.58031341 29.58031341 29.58031341
 29.58031341 29.58031341 29.58031341 29.58031341 29.58031341 29.58031341
 29.58031341 29.58031341 29.58031341 29.58031341 29.58031341 29.58031341
 29.58031341 29.58031341 29.58031341 29.58031341 29.58031341 29.58031341
 29.58031341 29.58031341 29.58031341 29.58031341 29.58031341 29.58031341
 29.58031341 29.58031341 29.58031341 29.58031341 29.58031341 29.58031341
 29.58031341 29.58031341 29.58031341 29.58031341 29.58031341 29.58031341
 29.58031341 29.58031341 29.58031341 29.58031341 29.58031341 29.58031341
 29.58031341 29.58031341 29.58031341 29.58031341 29.58031341 29.58031341
 29.58031341 29.58031341 29.58031341 29.58031341 29.58031341 29.58031341
 29.58031341 29.58031341 29.58031341 29.58031341 29.58031341 29.58031341
 29.58031341 29.58031341 29.58031341 29.58031341 29.58031341 29.58031341
 29.58031341 29.58031341 29.58031341 29.58031341 29.58031341 29.58031341
 29.58031341 29.58031341 29.58031341 29.58031341 29.58031341 29.58031341
 29.58031341 29.58031341 29.58031341 29.58031341 29.58031341 29.58031341
 29.58031341 29.71466637 29.58031341 29.58031341 29.58031341 29.58031341
 29.58031341 29.58031341 29.58031341 29.58031341 29.58031341 29.58031341
 29.58031341 29.58031341 29.58031341 29.58031341 29.58031341 29.58031341
 29.58031341 29.58031341 29.58031341 29.58031341 29.58031341 29.58031341
 29.58031341 29.58031341 29.58031341 29.58031341 29.58031341 29.58031341
 29.58031341 29.58031341 29.58031341 29.58031341 29.58031341 29.58031341
 29.71466637 29.58031341 29.58031341 29.58031341 29.58031341 29.71466637
 29.58031341 29.58031341 29.58031341 29.58031341 29.58031341 29.58031341
 29.58031341 29.58031341 29.58031341 29.58031341 29.58031341 29.58031341
 29.58031341 29.58031341 29.58031341 29.58031341 29.58031341 29.58031341
 29.58031341 29.58031341 29.58031341 29.58031341 29.58031341 29.58031341
 29.58031341 29.58031341 29.58031341 29.58031341 29.58031341 29.58031341
 29.58031341 29.58031341 29.58031341 29.58031341 29.58031341 29.58031341
 29.58031341 29.58031341 29.58031341 29.58031341 29.58031341 29.58031341
 29.58031341 29.58031341 29.58031341 29.58031341 29.58031341 29.58031341
 29.58031341 29.58031341 29.58031341 29.58031341 29.58031341 29.58031341
 29.58031341 29.58031341 29.58031341 29.58031341 29.58031341 29.58031341
 29.58031341 29.58031341 29.58031341 29.58031341 29.58031341 29.58031341
 29.58031341 29.58031341 29.58031341 29.58031341 29.58031341 29.58031341
 29.58031341 29.58031341 29.58031341 29.58031341 29.58031341 29.58031341
 29.71466637 29.58031341 29.58031341 29.58031341 29.58031341 29.58031341
 29.58031341 29.58031341 29.58031341 29.58031341 29.58031341 29.58031341
 29.58031341 29.58031341 29.58031341 29.58031341 29.58031341 29.58031341
 29.58031341 29.58031341 29.58031341 29.58031341 29.58031341 29.58031341
 29.58031341 29.58031341 29.58031341 29.58031341 29.58031341 29.58031341
 29.58031341 29.58031341 29.58031341 29.58031341 29.58031341 29.58031341
 29.58031341 29.58031341 29.58031341 29.58031341 29.58031341 29.58031341
 29.58031341 29.58031341 29.58031341 29.58031341 29.58031341 29.58031341
 29.58031341 29.58031341 29.58031341 29.58031341 29.58031341 29.58031341
 29.58031341 29.58031341 29.58031341 29.58031341 29.58031341 29.58031341
 29.58031341 29.58031341 29.58031341 29.58031341 29.58031341 29.58031341
 29.58031341 29.58031341 29.58031341 29.58031341 29.58031341 29.58031341
 29.58031341 29.58031341 29.58031341 29.58031341 29.58031341 29.58031341
 29.58031341 29.58031341 29.58031341 29.58031341 29.58031341 29.58031341
 29.58031341 29.58031341 29.58031341 29.58031341 29.58031341 29.58031341
 29.58031341 29.58031341 29.58031341 29.58031341 29.58031341 29.58031341
 29.58031341 29.58031341 29.58031341 29.58031341 29.58031341 29.71466637
 29.58031341 29.58031341 29.58031341 29.58031341 29.58031341 29.58031341
 29.58031341 29.58031341 29.58031341 29.58031341 29.58031341 29.58031341
 29.58031341 29.58031341 29.58031341 29.58031341 29.58031341 29.58031341
 29.58031341 29.58031341 29.58031341]","[29.56449694 30.40319997 30.83570341 30.50845356 29.56449694 29.56449694
 29.91485565 29.56449694 27.55380694 29.69683452 29.49298675 28.55273784
 31.17908502 27.615135   28.20134563 31.57518693 29.56449694 31.57518693
 29.25636674 28.77243789 29.50930551 27.58800074 29.09008469 27.55380694
 31.57518693 30.57636461 30.93600266 29.56449694 29.56449694 28.61597002
 29.30518428 27.74509192 31.57518693 30.00151639 29.56449694 28.26391629
 28.24809418 28.626876   29.56449694 27.55380694 31.52997858 27.90711332
 30.93761523 27.55380694 27.6468094  31.32502291 29.17869982 27.62055984
 27.91561452 30.17891152 31.57518693 31.57518693 31.57518693 27.55380694
 29.56449694 29.56449694 30.28306325 30.96211549 29.56449694 29.56449694
 29.56449694 30.70931144 29.56449694 31.57518693 31.57518693 29.56449694
 31.57518693 28.09906183 29.56449694 30.84911873 27.55380694 28.59876253
 31.32950072 30.18947971 27.55380694 29.12138108 28.58569104 30.24079051
 30.59276179 30.98104211 31.49952668 31.52598133 30.82919078 31.15616718
 29.88882726 29.56449694 29.10444704 29.91603592 29.56449694 29.56449694
 29.00785551 29.93600811 27.55380694 29.56449694 31.57518693 27.55380694
 27.77320338 31.57518693 27.55380694 29.56449694 31.57518693 29.56449694
 27.55380694 28.03246577 27.55380694 27.55380694 29.18152282 30.70669553
 27.55380694 29.56449694 31.57518693 29.56449694 29.56449694 29.56449694
 30.89213543 30.36269462 27.76928052 27.55380694 29.60726431 29.56449694
 29.56951361 28.05281998 30.13652618 30.16347344 29.19834828 27.55380694
 27.953699   30.14206362 27.55380694 29.56449694 29.67720214 31.01677006
 31.27828644 30.56149958 29.72880851 30.17880495 28.98474665 29.87146094
 29.56449694 31.01492023 31.01634179 29.56449694 30.92931108 28.24831334
 31.49857763 29.56449694 29.56449694 31.57518693 31.2512507  29.95953921
 28.65336483 29.56449694 31.10899036 31.57518693 31.57518693 30.20774079
 29.56449694 29.56449694 29.89831973 29.56449694 29.56449694 27.55380694
 31.26086582 27.65547547 27.55380694 30.67172762 31.57518693 30.34462656
 27.951254   29.86973777 30.39962295 29.56449694 27.61982594 29.56449694
 27.55380694 28.28296758 29.16303252 29.56449694 27.57763161 27.8817726
 29.10854483 29.56449694 31.03698755 29.56449694 27.55380694 29.56449694
 29.61140231 27.55380694 27.55380694 27.92302995 27.77868251 27.87027949
 29.56449694 30.42198585 28.81343787 27.55380694 28.35733697 30.80707923
 27.63646641 30.60973603 28.82457106 31.22242947 31.12823467 28.96497955
 30.68900548 27.55380694 28.3770719  29.56449694 29.55479938 29.56449694
 28.62979552 27.55380694 30.20703102 31.14646761 30.78436245 27.60071232
 29.56449694 31.26108096 29.56449694 31.47969122 28.01392922 31.57518693
 29.56449694 29.05369924 27.55380694 31.25258781 31.56201289 29.56449694
 27.81810812 29.76347281 28.2304564  29.87605134 27.55380694 29.56449694
 27.56097103 29.56449694 27.55380694 31.54366535 29.55996082 27.55380694
 30.88076699 31.57518693 30.95453117 29.50175537 31.57518693 29.56449694
 29.07611039 28.22498934 31.01229427 30.44135281 29.42624591 30.21194515
 29.56449694 29.56449694 30.72508731 29.55722628 27.55380694 29.56449694
 28.59376597 27.66443309 29.56449694 30.57095988 30.8767054  29.51986163
 27.6328532  30.42090409 28.87130151 29.64394734 28.86369507 31.57518693
 27.55380694 31.57518693 30.68801622 30.01672927 29.56449694 29.56449694
 29.56449694 29.76493659 29.52681661 30.83996205 29.56449694 28.32002058
 29.8861812  28.89324819 29.06878947 29.83875103 27.55380694 29.56449694
 30.27063719 29.56449694 31.23107946 30.70220164 29.419679   27.55380694
 31.57518693 28.83326126 31.20379842 29.56449694 27.89665975 27.84856404
 28.54139554 27.55380694 29.79853924 30.26149659 27.55380694 29.56449694
 31.57518693 29.56449694 27.55781827 28.44110232 28.29349153 29.47395154
 29.56449694 29.74934771 27.55380694 30.67152253 27.96710025 27.55380694
 29.56449694 27.56111781 29.35074249 27.55380694 29.56449694 30.56168658
 29.56449694 29.25212619 30.79656332 29.56449694 29.25573739 29.47978858
 31.57518693 27.71734239 29.88654714 28.41211822 31.02043555 29.56449694
 29.00828378 30.51860553 29.56449694 29.92116519 29.8759488  29.4737927
 31.49037804 28.99464728 29.56449694 29.56449694 31.57518693 30.2845009
 30.78234171 27.55380694 28.97449615 29.58130832 29.21389091 29.57689686
 30.28440036 27.55380694 29.56449694 29.56449694 28.22709855 30.82885098
 29.56449694 29.18394973 31.24053975 29.56449694 30.53552549 30.0027409
 27.55380694 30.63023301 28.11630953 28.04206681 31.57518693 31.1571122
 29.65436272 28.16870811 30.48253979 27.92423636 29.56449694 31.31011164
 30.22031364 30.01718167 29.56449694 29.56449694 27.68132892 27.55380694
 29.56449694 28.50217703 31.57518693 31.57518693 29.56449694 29.55885695
 30.72726288 30.54555079 31.57518693 31.54332353 30.34453407 29.61532517
 29.56449694 31.57518693 30.28466979 29.64910275 31.57518693 31.57518693
 28.84270346 29.56449694 29.06528886 31.57518693 28.01459878 29.47030013
 30.7469978  28.61956513 28.43170636 29.37157927 31.34930401 29.56449694
 29.56449694 29.56449694 29.56449694 31.00899271 31.57518693 30.43093945
 31.36016777 27.55380694 30.85096857]","[23.09643227 29.87647092 29.87647092 29.87647092 29.87647092 29.87647092
 29.87647092 29.87647092 29.87647092 29.87647092 29.87647092 29.87647092
 29.87647092 29.87647092 29.87647092 29.87647092 29.87647092 29.87647092
 29.87647092 29.87647092 29.87647092 29.87647092 29.87647092 29.87647092
 29.87647092 29.87647092 29.87647092 29.87647092 29.87647092 29.87647092
 29.87647092 29.87647092 29.87647092 29.87647092 29.87647092 29.87647092
 29.87647092 29.87647092 29.87647092 29.87647092 29.87647092 29.87647092
 29.87647092 29.87647092 29.87647092 23.09643227 29.87647092 29.87647092
 29.87647092 29.87647092 29.87647092 29.87647092 29.87647092 29.87647092
 29.87647092 29.87647092 29.87647092 29.87647092 23.09643227 29.87647092
 29.87647092 29.87647092 29.87647092 23.09643227 29.87647092 29.87647092
 29.87647092 29.87647092 29.87647092 29.87647092 29.87647092 29.87647092
 29.87647092 29.87647092 29.87647092 29.87647092 29.87647092 29.87647092
 29.87647092 29.87647092 29.87647092 29.87647092 29.87647092 29.87647092
 29.87647092 29.87647092 29.87647092 29.87647092 29.87647092 29.87647092
 29.87647092 29.87647092 29.87647092 29.87647092 29.87647092 29.87647092
 29.87647092 23.09643227 29.87647092 29.87647092 29.87647092 29.87647092
 29.87647092 29.87647092 29.87647092 29.87647092 29.87647092 29.87647092
 29.87647092 29.87647092 29.87647092 29.87647092 29.87647092 29.87647092
 29.87647092 29.87647092 29.87647092 29.87647092 29.87647092 29.87647092
 29.87647092 29.87647092 29.87647092 29.87647092 29.87647092 29.87647092
 29.87647092 29.87647092 29.87647092 29.87647092 29.87647092 29.87647092
 29.87647092 29.87647092 29.87647092 29.87647092 29.87647092 29.87647092
 29.87647092 29.87647092 29.87647092 29.87647092 29.87647092 29.87647092
 29.87647092 29.87647092 29.87647092 29.87647092 29.87647092 29.87647092
 29.87647092 29.87647092 29.87647092 29.87647092 29.87647092 29.87647092
 29.87647092 29.87647092 29.87647092 29.87647092 29.87647092 29.87647092
 29.87647092 29.87647092 29.87647092 29.87647092 29.87647092 29.87647092
 29.87647092 29.87647092 29.87647092 29.87647092 29.87647092 23.09643227
 29.87647092 29.87647092 29.87647092 29.87647092 29.87647092 29.87647092
 29.87647092 29.87647092 29.87647092 29.87647092 29.87647092 29.87647092
 29.87647092 29.87647092 23.09643227 29.87647092 29.87647092 29.87647092
 29.87647092 29.87647092 29.87647092 29.87647092 29.87647092 29.87647092
 29.87647092 29.87647092 29.87647092 29.87647092 29.87647092 29.87647092
 29.87647092 29.87647092 29.87647092 29.87647092 29.87647092 23.09643227
 29.87647092 29.87647092 29.87647092 29.87647092 29.87647092 29.87647092
 23.09643227 29.87647092 29.87647092 29.87647092 29.87647092 29.87647092
 29.87647092 29.87647092 29.87647092 23.09643227 29.87647092 29.87647092
 29.87647092 29.87647092 29.87647092 29.87647092 29.87647092 23.09643227
 29.87647092 23.09643227 29.87647092 29.87647092 29.87647092 29.87647092
 29.87647092 23.09643227 29.87647092 29.87647092 29.87647092 29.87647092
 29.87647092 23.09643227 29.87647092 29.87647092 29.87647092 29.87647092
 23.09643227 29.87647092 29.87647092 29.87647092 29.87647092 23.09643227
 29.87647092 29.87647092 29.87647092 29.87647092 29.87647092 29.87647092
 29.87647092 29.87647092 29.87647092 29.87647092 29.87647092 29.87647092
 29.87647092 29.87647092 29.87647092 29.87647092 29.87647092 29.87647092
 29.87647092 29.87647092 29.87647092 29.87647092 29.87647092 29.87647092
 29.87647092 29.87647092 29.87647092 29.87647092 29.87647092 29.87647092
 29.87647092 29.87647092 29.87647092 29.87647092 29.87647092 29.87647092
 29.87647092 29.87647092 29.87647092 29.87647092 29.87647092 29.87647092
 29.87647092 29.87647092 29.87647092 29.87647092 29.87647092 29.87647092
 29.87647092 29.87647092 29.87647092 29.87647092 29.87647092 29.87647092
 29.87647092 29.87647092 29.87647092 29.87647092 29.87647092 23.09643227
 23.09643227 29.87647092 29.87647092 29.87647092 29.87647092 29.87647092
 29.87647092 29.87647092 29.87647092 29.87647092 29.87647092 29.87647092
 29.87647092 29.87647092 29.87647092 29.87647092 29.87647092 29.87647092
 29.87647092 29.87647092 29.87647092 29.87647092 29.87647092 29.87647092
 29.87647092 29.87647092 29.87647092 29.87647092 29.87647092 29.87647092
 29.87647092 29.87647092 29.87647092 29.87647092 29.87647092 29.87647092
 29.87647092 29.87647092 29.87647092 29.87647092 23.09643227 29.87647092
 29.87647092 29.87647092 29.87647092 23.09643227 29.87647092 29.87647092
 29.87647092 29.87647092 29.87647092 29.87647092 29.87647092 29.87647092
 29.87647092 29.87647092 23.09643227 29.87647092 29.87647092 29.87647092
 29.87647092 29.87647092 29.87647092 29.87647092 29.87647092 29.87647092
 29.87647092 29.87647092 29.87647092 29.87647092 29.87647092 29.87647092
 29.87647092 23.09643227 29.87647092 29.87647092 29.87647092 29.87647092
 29.87647092 29.87647092 29.87647092 29.87647092 23.09643227 29.87647092
 29.87647092 29.87647092 29.87647092 29.87647092 29.87647092 29.87647092
 29.87647092 29.87647092 29.87647092 29.87647092 29.87647092 29.87647092
 29.87647092 29.87647092 29.87647092 29.87647092 29.87647092 29.87647092
 29.87647092 29.87647092 29.87647092]","[30.10352398 29.67691182 30.7527703  28.38307581 27.94818046 31.24957
 29.46760538 27.94818046 27.94818046 31.24957    30.93600897 31.24957
 27.97379924 31.14092127 30.48373181 29.59887523 27.94818046 31.24957
 31.24957    30.53486373 28.10773992 30.27785056 31.24957    29.59887523
 28.3581206  29.22578685 29.39430298 29.59887523 27.94818046 31.22338998
 29.59887523 31.24957    29.6193587  31.24789454 29.89652521 29.44423979
 29.43726396 30.97234737 29.70734899 28.7019108  30.02456795 29.66728827
 29.07272783 27.94818046 30.38957618 29.17216403 31.24957    30.28425525
 28.32494494 28.38656538 29.59887523 26.29748569 27.86148597 31.24957
 27.50404783 28.96400647 30.54699964 31.24957    31.24957    27.94818046
 29.59887523 30.9866886  31.24957    29.59887523 29.59887523 30.60626618
 27.94818046 28.03941766 31.24957    31.24957    31.24957    30.78840715
 29.59887523 28.7978921  26.29748569 30.02309553 31.24957    28.91152593
 31.24957    31.24957    29.59887523 30.34335343 29.59887523 27.36698569
 30.54278707 31.24957    27.94818046 30.68682339 26.29748569 29.59887523
 28.95484016 28.73324264 29.79172425 30.96815955 26.29748569 31.24957
 28.69272139 27.94818046 31.24957    31.24957    29.59887523 29.59887523
 30.89436194 29.3854404  29.59887523 31.24957    30.45955574 26.29748569
 31.24957    31.24957    29.59887523 30.47776785 29.59887523 28.55211355
 29.60808281 30.29701512 30.10708618 31.24957    28.25377524 28.46067992
 28.62035163 28.02670896 30.18052724 29.59887523 28.64506418 31.24957
 31.24957    26.84357019 27.97205611 28.64241151 31.24957    31.24957
 29.36925203 31.24957    28.7092795  28.02035214 29.70234078 29.46999889
 31.24957    28.72571052 26.29748569 29.21885393 31.24957    30.70910282
 30.82134016 29.59887523 31.24957    29.78881242 27.96416414 29.59887523
 30.40425911 30.79589635 31.24957    29.59887523 31.24957    28.63705666
 27.92916611 31.24957    31.24957    31.24957    26.29748569 31.24957
 29.08830874 31.20659746 29.59887523 31.24957    31.24957    29.8452992
 31.24957    31.24957    30.76232122 27.94818046 31.17487606 29.72004943
 31.24957    29.72883773 29.2747316  30.3575395  30.41909721 28.06970296
 29.18212102 31.24957    29.34132723 29.64325581 27.94818046 31.24957
 31.24957    29.59887523 27.94818046 29.31533539 29.752649   31.24957
 29.59887523 27.94818046 31.23276097 29.8323594  28.52776746 31.24957
 29.93825477 27.76434259 27.94818046 30.00395738 30.53512784 28.47265406
 29.05877946 27.96581649 29.70848962 28.51686462 31.05434068 29.59887523
 28.13880269 28.06367462 27.9964963  31.24957    29.3168986  31.16550011
 27.94818046 29.09952851 29.83932038 31.24957    29.94130691 26.29748569
 26.40222063 31.05813232 31.24957    28.03126488 27.94818046 29.59887523
 31.14827346 29.415866   28.54553388 27.94835048 31.24957    31.24957
 31.2361548  29.59887523 29.59887523 28.63070148 27.23434906 30.84456543
 31.13527919 27.94818046 27.04738477 28.62924722 29.59887523 26.29748569
 31.10906451 28.15060681 31.24957    31.03633655 30.38295194 29.78606072
 27.94818046 27.94818046 31.24957    29.14237229 29.28355952 26.29748569
 28.79616052 29.89720695 29.59887523 29.25622401 31.24957    29.16207498
 29.59887523 29.59887523 29.58751185 29.59887523 28.51603102 29.63983392
 27.94818046 29.59887523 29.25863237 28.30871036 31.24957    28.26719373
 29.59887523 29.13475764 27.44167468 31.24957    31.24957    28.06657654
 28.81352088 30.9023447  28.39388951 29.49925745 29.59887523 29.48693006
 29.51322233 31.24957    30.49859632 30.11014657 31.21065652 26.29748569
 26.29748569 31.24957    27.98345416 29.59887523 30.81241485 30.73156547
 29.79111184 28.17801495 29.051627   28.58824066 31.24957    26.29748569
 26.29748569 31.24957    31.24957    28.89615466 31.21167335 29.59887523
 29.59887523 31.24957    31.24957    31.24957    28.40388116 31.24957
 31.06770635 29.59850052 29.10938646 28.5720523  26.77968335 31.24392462
 29.41316547 29.78051273 30.84302038 28.61411035 30.34762707 29.60780219
 27.23191429 30.51608873 29.59887523 27.61460806 30.69362425 27.92895647
 31.24957    28.67405533 31.24957    30.69359289 30.71221273 31.24957
 27.5474677  31.24747031 26.29748569 26.29748569 26.29748569 31.09536539
 31.24957    29.59887523 29.95506875 30.91608178 30.09475714 28.74049744
 29.80142373 31.24957    29.08905485 29.59887523 30.04080584 29.63950873
 27.0036034  29.91268881 28.91674377 26.29748569 27.94818046 29.63499243
 31.24957    29.67263322 31.03064    30.37317488 30.02212492 30.20807404
 27.93455233 30.96820577 28.61411035 30.99275656 31.24957    28.80040116
 31.2379326  31.19026384 31.00705157 31.24957    31.16522445 27.94818046
 30.99972084 31.01194423 27.94818046 29.59887523 27.94818046 29.01673626
 31.24957    29.21848748 29.52081387 27.67668739 27.98723425 27.94818046
 27.94818046 27.94818046 27.94818046 28.20128809 29.59887523 31.24957
 28.68304171 29.42870841 30.91755585 27.94818046 27.30103053 31.0767307
 31.24957    29.00357692 30.97376201 28.53309755 28.80502475 28.39000542
 28.63746438 31.24957    27.94663871 29.98910773 29.59887523 27.04701502
 28.92509959 26.29748569 31.24957   ]","[29.0759943  29.68151634 30.06316775 28.03541815 30.4011396  27.89355799
 28.69828732 29.14734879 29.14734879 29.49186292 28.22937332 29.75740955
 29.87627393 29.15803987 29.39686194 30.4011396  29.98552926 30.4011396
 30.4011396  28.20752476 30.4011396  29.25230237 29.69790464 30.4011396
 29.14734879 30.30308438 29.78361252 29.14734879 27.89355799 29.85440155
 30.4011396  30.4011396  28.00071823 29.79802735 29.14734879 29.73092196
 29.14734879 28.68562528 29.28448091 29.28499872 27.89355799 29.6033663
 29.27210474 30.4011396  29.628817   30.4011396  30.4011396  29.75130359
 29.72702769 29.31906422 29.12878266 30.4011396  30.28486806 29.14734879
 30.4011396  29.60972553 28.62532923 29.8827297  29.14734879 29.14734879
 29.14734879 29.87524206 29.14734879 27.89355799 29.14734879 30.4011396
 30.4011396  30.4011396  30.4011396  30.11958959 28.76947505 29.09289039
 29.86316179 30.04780254 29.14734879 29.24744894 30.4011396  29.50878659
 30.07706978 30.03128385 30.4011396  29.93832278 28.78955075 30.00262721
 29.50301539 27.89355799 29.88238115 30.37587195 29.14734879 30.4011396
 29.02831264 29.39182797 28.66715318 29.37368938 30.4011396  30.4011396
 29.70469893 30.4011396  30.4011396  30.4011396  30.4011396  29.14734879
 28.90169481 28.3127993  30.4011396  29.14734879 30.4011396  29.37556003
 29.14734879 29.14734879 29.14734879 29.68814889 30.4011396  29.14734879
 30.01197046 29.85565033 30.01996212 30.4011396  29.06384256 29.44267671
 30.39879877 29.86519293 28.30941783 29.7082133  29.23406598 27.89355799
 29.4592769  28.84911334 30.4011396  29.34812835 29.14734879 30.28615319
 29.6663743  30.12700451 29.95370178 29.2429378  30.4011396  28.51689388
 29.70842269 29.14734879 30.06789454 30.3989881  29.76315066 29.91609684
 30.30067585 30.4011396  28.13264336 30.24782606 29.47851507 30.4011396
 28.38471173 29.63143492 30.28301621 27.89355799 29.14734879 29.54762652
 29.82883174 29.14734879 30.4011396  30.10861265 30.4011396  30.4011396
 28.72274627 29.72525358 29.14734879 30.11946923 29.14734879 29.57803722
 29.73065114 28.4220095  29.6866644  30.4011396  29.24420539 28.32348536
 30.4011396  30.22684638 30.4011396  29.18015548 28.87411142 28.99704811
 29.14734879 30.4011396  29.84639234 28.46992813 30.4011396  29.23295638
 29.63132208 27.89355799 30.4011396  30.4011396  29.17684673 29.99885957
 29.14734879 30.20036005 29.88356723 30.33686025 30.4011396  30.20531378
 28.65592799 30.38423474 29.14734879 27.89355799 29.14734879 30.4011396
 29.79761862 30.4011396  29.34746258 29.14734879 30.3189975  27.89355799
 30.4011396  29.45575249 29.43775809 30.27856901 30.03641436 29.14734879
 30.4011396  29.4309475  29.14734879 30.4011396  29.5992639  27.89355799
 28.63438536 29.14734879 29.14734879 28.82974979 28.61335553 30.4011396
 30.4011396  30.15420299 30.28787089 29.20068129 29.18609469 30.4011396
 29.14734879 30.4011396  30.4011396  29.61708152 28.36223251 30.00586826
 29.61178049 29.14734879 29.26783433 29.34927556 30.4011396  30.4011396
 29.81757019 29.93601706 30.24135274 29.54387769 29.93480339 29.34383913
 30.4011396  30.4011396  29.89702166 29.12296005 28.66565992 29.14734879
 29.22572075 29.10867185 30.4011396  30.4011396  30.0870625  30.4011396
 30.4011396  28.57896154 29.71338645 27.89355799 29.22259881 29.14734879
 29.14734879 30.4011396  30.0613322  28.40253436 29.14734879 27.96907381
 29.14734879 30.09103701 29.497841   30.17758745 30.4011396  29.88249273
 29.59054629 29.48059385 29.14734879 30.4011396  30.4011396  29.14734879
 29.5404235  29.14734879 27.9991046  28.72144734 28.21044609 29.14734879
 27.89355799 28.01123754 29.14734879 30.4011396  29.27668735 30.4011396
 29.73943144 30.4011396  30.33476141 30.4011396  30.4011396  29.14734879
 30.4011396  30.4011396  28.45224215 29.57078279 30.4011396  29.32973022
 30.4011396  30.4011396  29.91432899 30.14433817 29.20708942 27.89355799
 27.96292396 29.26571166 30.4011396  30.31416789 30.4011396  29.14734879
 29.53558136 29.90466477 29.39542886 30.39787974 30.10560732 30.25406618
 29.69700818 29.14734879 27.89355799 27.89355799 30.20873036 29.66266434
 29.16352019 29.57051698 27.89355799 30.39510511 29.20475235 29.26286305
 29.41489647 29.7165786  30.4011396  29.14734879 27.89355799 28.19452545
 30.15135062 29.14734879 30.21185606 30.14973448 30.22303109 30.03041247
 28.12281865 27.89355799 30.4011396  27.89355799 28.03120666 30.4011396
 30.4011396  29.14734879 29.31946418 30.4011396  29.14734879 29.82469799
 30.4011396  28.72202283 28.10979929 29.67899496 29.14734879 28.68801626
 28.83280904 30.05408278 29.15060865 29.83266583 28.99704811 29.35411144
 30.4011396  29.69235285 27.89355799 28.46842985 29.72018324 29.14734879
 30.11783303 29.84378947 30.4011396  30.4011396  29.14734879 29.81375992
 29.78378053 30.4011396  29.23034724 30.14539386 28.30416445 30.20932841
 29.14734879 29.14734879 29.22280318 28.61310477 29.14734879 30.4011396
 30.08992615 28.82005548 28.21538226 30.4011396  28.82622915 30.12301119
 29.81736582 30.4011396  29.44234446 29.94532521 29.42363288 29.14734879
 28.75445714 30.4011396  29.91885392 30.4011396  30.4011396  29.81219018
 29.38875744 27.89355799 29.83413026]","[30.75257535 30.75257535 30.75257535 30.75257535 27.62946285 30.75257535
 30.75257535 30.75257535 30.75257535 30.75257535 27.62946285 30.75257535
 27.62946285 30.75257535 30.75257535 30.75257535 27.62946285 30.75257535
 27.62946285 27.62946285 30.75257535 30.75257535 30.75257535 27.62946285
 27.62946285 30.75257535 30.75257535 27.62946285 24.50635034 30.75257535
 30.75257535 30.75257535 30.75257535 30.75257535 27.62946285 30.75257535
 30.75257535 27.62946285 27.62946285 27.62946285 30.75257535 27.62946285
 30.75257535 30.75257535 27.62946285 30.75257535 30.75257535 30.75257535
 30.75257535 30.75257535 30.75257535 27.62946285 24.50635034 30.75257535
 30.75257535 30.75257535 30.75257535 30.75257535 27.62946285 30.75257535
 27.62946285 30.75257535 30.75257535 27.62946285 27.62946285 27.62946285
 30.75257535 30.75257535 30.75257535 30.75257535 30.75257535 30.75257535
 30.75257535 30.75257535 27.62946285 30.75257535 30.75257535 30.75257535
 30.75257535 30.75257535 30.75257535 30.75257535 30.75257535 30.75257535
 30.75257535 30.75257535 30.75257535 30.75257535 30.75257535 30.75257535
 30.75257535 30.75257535 27.62946285 30.75257535 30.75257535 27.62946285
 27.62946285 27.62946285 30.75257535 27.62946285 30.75257535 30.75257535
 27.62946285 27.62946285 27.62946285 27.62946285 30.75257535 27.62946285
 30.75257535 30.75257535 27.62946285 30.75257535 30.75257535 27.62946285
 30.75257535 30.75257535 27.62946285 30.75257535 27.62946285 30.75257535
 30.75257535 27.62946285 30.75257535 27.62946285 30.75257535 27.62946285
 30.75257535 27.62946285 27.62946285 27.62946285 30.75257535 30.75257535
 30.75257535 30.75257535 30.75257535 30.75257535 30.75257535 30.75257535
 30.75257535 30.75257535 30.75257535 30.75257535 30.75257535 27.62946285
 30.75257535 30.75257535 27.62946285 30.75257535 30.75257535 30.75257535
 30.75257535 27.62946285 30.75257535 24.50635034 30.75257535 30.75257535
 27.62946285 30.75257535 27.62946285 27.62946285 30.75257535 30.75257535
 27.62946285 30.75257535 30.75257535 30.75257535 27.62946285 30.75257535
 30.75257535 30.75257535 30.75257535 30.75257535 30.75257535 27.62946285
 27.62946285 30.75257535 30.75257535 30.75257535 27.62946285 27.62946285
 30.75257535 30.75257535 30.75257535 27.62946285 30.75257535 27.62946285
 30.75257535 27.62946285 27.62946285 27.62946285 30.75257535 30.75257535
 27.62946285 30.75257535 30.75257535 27.62946285 30.75257535 30.75257535
 27.62946285 27.62946285 30.75257535 30.75257535 27.62946285 30.75257535
 30.75257535 27.62946285 30.75257535 30.75257535 27.62946285 30.75257535
 30.75257535 27.62946285 30.75257535 30.75257535 27.62946285 30.75257535
 30.75257535 30.75257535 30.75257535 27.62946285 30.75257535 30.75257535
 27.62946285 30.75257535 30.75257535 27.62946285 27.62946285 24.50635034
 30.75257535 30.75257535 30.75257535 30.75257535 27.62946285 30.75257535
 30.75257535 30.75257535 30.75257535 30.75257535 30.75257535 30.75257535
 30.75257535 30.75257535 24.50635034 30.75257535 30.75257535 30.75257535
 30.75257535 30.75257535 30.75257535 30.75257535 24.50635034 30.75257535
 30.75257535 30.75257535 30.75257535 27.62946285 27.62946285 30.75257535
 30.75257535 30.75257535 27.62946285 27.62946285 30.75257535 30.75257535
 27.62946285 24.50635034 27.62946285 30.75257535 30.75257535 30.75257535
 30.75257535 30.75257535 30.75257535 30.75257535 30.75257535 30.75257535
 27.62946285 30.75257535 30.75257535 30.75257535 30.75257535 27.62946285
 30.75257535 30.75257535 30.75257535 27.62946285 30.75257535 30.75257535
 30.75257535 27.62946285 30.75257535 30.75257535 30.75257535 27.62946285
 27.62946285 30.75257535 27.62946285 30.75257535 30.75257535 27.62946285
 30.75257535 27.62946285 30.75257535 27.62946285 30.75257535 30.75257535
 27.62946285 30.75257535 27.62946285 30.75257535 27.62946285 27.62946285
 30.75257535 30.75257535 30.75257535 30.75257535 30.75257535 27.62946285
 30.75257535 27.62946285 30.75257535 27.62946285 27.62946285 27.62946285
 30.75257535 27.62946285 30.75257535 30.75257535 27.62946285 30.75257535
 30.75257535 30.75257535 30.75257535 27.62946285 30.75257535 27.62946285
 30.75257535 30.75257535 27.62946285 30.75257535 30.75257535 30.75257535
 30.75257535 30.75257535 27.62946285 27.62946285 27.62946285 30.75257535
 30.75257535 30.75257535 30.75257535 30.75257535 30.75257535 30.75257535
 30.75257535 27.62946285 27.62946285 27.62946285 27.62946285 30.75257535
 30.75257535 30.75257535 30.75257535 30.75257535 27.62946285 30.75257535
 30.75257535 30.75257535 30.75257535 30.75257535 30.75257535 27.62946285
 27.62946285 30.75257535 27.62946285 30.75257535 27.62946285 30.75257535
 27.62946285 30.75257535 27.62946285 30.75257535 30.75257535 30.75257535
 30.75257535 30.75257535 30.75257535 30.75257535 30.75257535 30.75257535
 30.75257535 30.75257535 30.75257535 30.75257535 27.62946285 27.62946285
 30.75257535 27.62946285 27.62946285 27.62946285 30.75257535 27.62946285
 30.75257535 27.62946285 30.75257535 27.62946285 27.62946285 27.62946285
 30.75257535 30.75257535 30.75257535 30.75257535 30.75257535 30.75257535
 27.62946285 27.62946285 27.62946285 30.75257535 27.62946285 30.75257535
 30.75257535 27.62946285 30.75257535]","[29.84664561 29.84664561 29.84664561 29.84664561 29.84664561 28.73445624
 28.73445624 28.73445624 29.84664561 28.73445624 29.84664561 29.84664561
 28.73445624 29.84664561 29.84664561 28.73445624 28.73445624 29.84664561
 28.73445624 29.84664561 28.73445624 28.73445624 29.84664561 29.84664561
 29.84664561 29.84664561 29.84664561 29.84664561 29.29055093 29.84664561
 29.84664561 28.73445624 29.84664561 29.84664561 29.84664561 29.84664561
 29.84664561 29.84664561 29.84664561 29.84664561 29.84664561 29.84664561
 29.84664561 29.56859827 28.73445624 29.84664561 28.73445624 29.84664561
 28.73445624 29.84664561 29.84664561 29.56859827 28.73445624 28.73445624
 29.84664561 29.84664561 28.73445624 29.84664561 29.84664561 29.29055093
 29.84664561 29.84664561 29.29055093 29.84664561 29.84664561 29.84664561
 29.29055093 28.73445624 29.84664561 29.84664561 28.73445624 29.84664561
 29.84664561 29.84664561 28.73445624 29.84664561 28.73445624 29.84664561
 29.84664561 29.84664561 29.84664561 29.84664561 29.84664561 28.73445624
 28.73445624 29.84664561 28.73445624 28.73445624 29.84664561 29.84664561
 29.84664561 29.84664561 29.84664561 29.84664561 28.73445624 29.84664561
 29.84664561 29.84664561 29.84664561 28.73445624 29.84664561 29.84664561
 29.84664561 29.84664561 29.84664561 29.84664561 29.84664561 29.84664561
 29.84664561 29.84664561 29.84664561 29.84664561 29.84664561 29.84664561
 29.84664561 28.73445624 29.84664561 28.73445624 29.84664561 29.84664561
 29.84664561 29.84664561 28.73445624 29.84664561 29.84664561 28.73445624
 29.84664561 29.84664561 29.84664561 29.84664561 29.84664561 29.84664561
 29.84664561 29.84664561 29.84664561 29.84664561 29.84664561 29.84664561
 29.84664561 29.84664561 28.73445624 28.73445624 29.84664561 29.84664561
 29.84664561 28.73445624 29.84664561 28.73445624 29.84664561 28.73445624
 29.84664561 29.84664561 29.84664561 29.84664561 29.84664561 29.84664561
 28.73445624 29.84664561 28.73445624 29.84664561 29.84664561 29.56859827
 29.84664561 29.84664561 29.84664561 29.84664561 29.56859827 29.84664561
 29.84664561 28.73445624 29.84664561 29.84664561 29.84664561 29.84664561
 29.84664561 29.84664561 29.84664561 29.84664561 29.84664561 29.84664561
 29.84664561 28.73445624 29.84664561 29.84664561 28.73445624 29.84664561
 28.73445624 29.84664561 28.73445624 29.84664561 29.84664561 29.84664561
 29.84664561 29.84664561 29.84664561 29.84664561 28.73445624 29.84664561
 29.84664561 29.84664561 29.84664561 29.84664561 29.84664561 28.73445624
 28.73445624 29.84664561 29.84664561 29.84664561 29.84664561 29.84664561
 28.73445624 29.84664561 29.84664561 29.84664561 28.73445624 29.84664561
 29.84664561 29.84664561 29.84664561 28.73445624 29.84664561 29.29055093
 29.84664561 29.84664561 28.73445624 29.84664561 29.84664561 29.84664561
 28.73445624 29.84664561 29.84664561 29.84664561 29.84664561 29.84664561
 29.84664561 29.29055093 29.84664561 29.84664561 29.84664561 28.73445624
 29.84664561 29.84664561 28.73445624 29.84664561 29.84664561 29.29055093
 29.84664561 29.84664561 29.84664561 29.84664561 28.73445624 29.84664561
 29.84664561 28.73445624 29.84664561 29.84664561 29.84664561 29.84664561
 29.84664561 29.84664561 28.73445624 29.84664561 29.84664561 29.84664561
 29.84664561 29.84664561 29.84664561 29.84664561 29.84664561 29.84664561
 29.84664561 29.84664561 29.84664561 29.84664561 29.84664561 29.84664561
 29.84664561 29.84664561 29.84664561 29.84664561 29.84664561 29.84664561
 29.84664561 29.84664561 29.84664561 28.73445624 29.84664561 29.84664561
 29.84664561 29.84664561 28.73445624 29.84664561 29.84664561 28.73445624
 29.84664561 29.84664561 29.84664561 29.84664561 29.84664561 28.73445624
 29.84664561 28.73445624 29.84664561 29.84664561 28.73445624 29.84664561
 29.84664561 29.84664561 29.84664561 29.84664561 28.73445624 29.84664561
 28.73445624 28.73445624 28.73445624 29.84664561 29.84664561 29.29055093
 29.84664561 29.84664561 28.73445624 29.84664561 29.84664561 28.73445624
 29.84664561 28.73445624 29.84664561 29.84664561 29.84664561 29.84664561
 29.84664561 29.84664561 29.84664561 29.84664561 29.84664561 28.73445624
 28.73445624 29.84664561 29.84664561 29.84664561 29.84664561 29.84664561
 29.84664561 29.84664561 29.84664561 29.29055093 29.84664561 28.73445624
 29.84664561 29.29055093 29.84664561 28.73445624 29.84664561 29.84664561
 28.73445624 29.84664561 28.73445624 29.84664561 29.84664561 29.84664561
 28.73445624 29.84664561 29.84664561 29.84664561 29.84664561 29.84664561
 28.73445624 28.73445624 29.84664561 29.84664561 29.84664561 29.84664561
 29.84664561 28.73445624 29.84664561 29.84664561 29.84664561 29.84664561
 29.84664561 29.84664561 29.84664561 29.84664561 29.84664561 29.84664561
 28.73445624 29.84664561 29.84664561 29.84664561 29.84664561 29.84664561
 29.84664561 29.84664561 29.84664561 29.84664561 28.73445624 29.84664561
 29.84664561 29.29055093 28.73445624 29.84664561 28.73445624 29.56859827
 29.84664561 29.84664561 29.84664561 28.73445624 29.84664561 28.73445624
 29.84664561 29.84664561 29.84664561 29.84664561 29.84664561 29.84664561
 29.84664561 29.84664561 28.73445624 29.84664561 29.84664561 29.84664561
 29.84664561 29.29055093 29.84664561]"
6.3808543358510965,6.585428457136739,5.731805619347241,6.414450867798266,6.400805952838817,6.586877560409483,6.015253672741004,6.607159558996047,6.555815075152118,6.393365404049308,6.493420807153639,6.56290776144783,6.536591854294176,6.606452452204768
7.775537583137655,7.986197294068306,7.075762884236242,7.737520897439181,7.74765442245006,8.000307604556212,7.395012222877899,8.015069490640848,7.975215425636686,7.809787261348103,7.872920501995279,7.963308986050677,7.7781791706394445,7.989877484941274
